{
	"credit": "Made with Blockbench",
	"textures": {
		"0": "items/hat",
		"1": "items/rim",
		"2": "items/tophat",
		"particle": "items/hat"
	},
	"elements": [
		{
			"from": [2, 0, 3],
			"to": [3, 6, 17],
			"faces": {
				"north": {"uv": [0, 0, 1, 6], "texture": "#0"},
				"east": {"uv": [0, 0, 14, 6], "texture": "#0"},
				"south": {"uv": [0, 0, 1, 6], "texture": "#0"},
				"west": {"uv": [0, 0, 14, 6], "texture": "#0"},
				"up": {"uv": [0, 0, 1, 14], "texture": "#0"},
				"down": {"uv": [0, 0, 1, 14], "texture": "#0"}
			}
		},
		{
			"from": [3, 0, 16],
			"to": [15, 6, 17],
			"faces": {
				"north": {"uv": [0, 0, 12, 6], "texture": "#0"},
				"east": {"uv": [0, 0, 1, 6], "texture": "#0"},
				"south": {"uv": [0, 0, 12, 6], "texture": "#0"},
				"west": {"uv": [0, 0, 1, 6], "texture": "#0"},
				"up": {"uv": [0, 0, 1, 12], "rotation": 270, "texture": "#0"},
				"down": {"uv": [0, 0, 1, 12], "rotation": 90, "texture": "#0"}
			}
		},
		{
			"from": [14, 0, 3],
			"to": [15, 6, 16],
			"faces": {
				"north": {"uv": [0, 0, 1, 6], "texture": "#0"},
				"east": {"uv": [0, 0, 13, 6], "texture": "#0"},
				"south": {"uv": [0, 0, 1, 6], "texture": "#0"},
				"west": {"uv": [0, 0, 13, 6], "texture": "#0"},
				"up": {"uv": [0, 0, 1, 13], "rotation": 180, "texture": "#0"},
				"down": {"uv": [0, 0, 1, 13], "rotation": 180, "texture": "#0"}
			}
		},
		{
			"from": [3, 0, 3],
			"to": [14, 6, 4],
			"faces": {
				"north": {"uv": [0, 0, 11, 6], "texture": "#0"},
				"east": {"uv": [0, 0, 1, 6], "texture": "#0"},
				"south": {"uv": [0, 0, 11, 6], "texture": "#0"},
				"west": {"uv": [0, 0, 1, 6], "texture": "#0"},
				"up": {"uv": [0, 0, 1, 11], "rotation": 90, "texture": "#0"},
				"down": {"uv": [0, 0, 1, 11], "rotation": 270, "texture": "#0"}
			}
		},
		{
			"from": [2, 6, 3],
			"to": [15, 6.5, 17],
			"faces": {
				"north": {"uv": [0, 0, 13, 0.5], "texture": "#2"},
				"east": {"uv": [0, 0, 14, 0.5], "texture": "#2"},
				"south": {"uv": [0, 0, 13, 0.5], "texture": "#2"},
				"west": {"uv": [0, 0, 14, 0.5], "texture": "#2"},
				"up": {"uv": [0, 0, 13, 14], "texture": "#2"},
				"down": {"uv": [0, 0, 13, 14], "texture": "#2"}
			}
		},
		{
			"from": [3, 0, -2],
			"to": [14, 0.5, -1],
			"faces": {
				"north": {"uv": [0, 0, 11, 0.5], "texture": "#1"},
				"east": {"uv": [0, 0, 1, 0.5], "texture": "#1"},
				"south": {"uv": [0, 0, 11, 0.5], "texture": "#1"},
				"west": {"uv": [0, 0, 1, 0.5], "texture": "#1"},
				"up": {"uv": [0, 0, 11, 1], "texture": "#1"},
				"down": {"uv": [0, 0, 11, 1], "texture": "#1"}
			}
		},
		{
			"from": [2, 0, -1],
			"to": [15, 0.75, 3],
			"faces": {
				"north": {"uv": [0, 0, 13, 0.75], "texture": "#1"},
				"east": {"uv": [0, 0, 4, 0.75], "texture": "#1"},
				"south": {"uv": [0, 0, 13, 0.75], "texture": "#1"},
				"west": {"uv": [0, 0, 4, 0.75], "texture": "#1"},
				"up": {"uv": [0, 0, 13, 4], "texture": "#1"},
				"down": {"uv": [0, 0, 13, 4], "texture": "#1"}
			}
		},
		{
			"from": [3, 0.75, 0],
			"to": [14, 1.5, 3],
			"faces": {
				"north": {"uv": [0, 0, 11, 0.75], "texture": "#1"},
				"east": {"uv": [0, 0, 3, 0.75], "texture": "#1"},
				"south": {"uv": [0, 0, 11, 0.75], "texture": "#1"},
				"west": {"uv": [0, 0, 3, 0.75], "texture": "#1"},
				"up": {"uv": [0, 0, 11, 3], "texture": "#1"},
				"down": {"uv": [0, 0, 11, 3], "texture": "#1"}
			}
		},
		{
			"from": [4, 1.5, 1],
			"to": [13, 2.25, 3],
			"faces": {
				"north": {"uv": [0, 0, 9, 0.75], "texture": "#1"},
				"east": {"uv": [0, 0, 2, 0.75], "texture": "#1"},
				"south": {"uv": [0, 0, 9, 0.75], "texture": "#1"},
				"west": {"uv": [0, 0, 2, 0.75], "texture": "#1"},
				"up": {"uv": [0, 0, 9, 2], "texture": "#1"},
				"down": {"uv": [0, 0, 9, 2], "texture": "#1"}
			}
		}
	],
	"display": {
		"thirdperson_righthand": {
			"translation": [0, 4, 0.75],
			"scale": [0.5, 0.5, 0.5]
		},
		"thirdperson_lefthand": {
			"translation": [0, 4, 0.75],
			"scale": [0.5, 0.5, 0.5]
		},
		"firstperson_righthand": {
			"translation": [0, 5.25, 0]
		},
		"firstperson_lefthand": {
			"translation": [0, 5.25, 0]
		},
		"ground": {
			"translation": [0, 4, 0]
		},
		"gui": {
			"rotation": [0, -180, 0],
			"translation": [0.5, 5, 0]
		},
		"head": {
			"translation": [-0.5, 9.5, -2.25]
		},
		"fixed": {
			"translation": [0, 6.25, 0]
		}
	},
	"groups": [
		{
			"name": "head Part",
			"origin": [8, 8, 8],
			"color": 0,
			"children": [0, 1, 2, 3, 4]
		},
		{
			"name": "Rim",
			"origin": [0, 0, 0],
			"color": 0,
			"children": [5, 6, 7, 8]
		}
	]
}