{
	"credit": "Made with Blockbench",
	"parent": "carved_pumpkin",
	"texture_size": [64, 64],
	"textures": {
		"0": "item/custom/christmas_hat",
		"particle": "item/custom/christmas_hat"
	},
	"elements": [
		{
			"from": [0, 0, 0],
			"to": [16, 4, 16],
			"faces": {
				"north": {"uv": [7.5, 6, 11.5, 7], "texture": "#0"},
				"east": {"uv": [0, 8, 4, 9], "texture": "#0"},
				"south": {"uv": [0, 9, 4, 10], "texture": "#0"},
				"west": {"uv": [0, 10, 4, 11], "texture": "#0"},
				"up": {"uv": [4, 4, 0, 0], "texture": "#0"},
				"down": {"uv": [4, 4, 0, 8], "texture": "#0"}
			}
		},
		{
			"from": [1, 4, 1],
			"to": [15, 6, 15],
			"faces": {
				"north": {"uv": [10, 10, 13.5, 10.5], "texture": "#0"},
				"east": {"uv": [10.5, 0, 14, 0.5], "texture": "#0"},
				"south": {"uv": [10.5, 0.5, 14, 1], "texture": "#0"},
				"west": {"uv": [10.5, 1, 14, 1.5], "texture": "#0"},
				"up": {"uv": [7.5, 3.5, 4, 0], "texture": "#0"},
				"down": {"uv": [7.5, 3.5, 4, 7], "texture": "#0"}
			}
		},
		{
			"from": [4, -0.5, 2],
			"to": [16, 5.5, 14],
			"rotation": {"angle": 22.5, "axis": "z", "origin": [0, 0, 0]},
			"faces": {
				"north": {"uv": [7.5, 0, 10.5, 1.5], "texture": "#0"},
				"east": {"uv": [7.5, 1.5, 10.5, 3], "texture": "#0"},
				"south": {"uv": [7.5, 3, 10.5, 4.5], "texture": "#0"},
				"west": {"uv": [7.5, 4.5, 10.5, 6], "texture": "#0"},
				"up": {"uv": [7, 10, 4, 7], "texture": "#0"},
				"down": {"uv": [10, 7, 7, 10], "texture": "#0"}
			}
		},
		{
			"from": [10, -0.5, 6],
			"to": [14, 4.5, 10],
			"rotation": {"angle": 45, "axis": "z", "origin": [0, 0, 0]},
			"faces": {
				"north": {"uv": [10.5, 1.5, 11.5, 2.75], "texture": "#0"},
				"east": {"uv": [10.5, 2.75, 11.5, 4], "texture": "#0"},
				"south": {"uv": [10.5, 4, 11.5, 5.25], "texture": "#0"},
				"west": {"uv": [10, 10.5, 11, 11.75], "texture": "#0"},
				"up": {"uv": [1, 12, 0, 11], "texture": "#0"},
				"down": {"uv": [2, 11, 1, 12], "texture": "#0"}
			}
		},
		{
			"from": [9, 4.5, 5],
			"to": [15, 10.5, 11],
			"rotation": {"angle": 45, "axis": "z", "origin": [0, 0, 0]},
			"faces": {
				"north": {"uv": [4, 10, 5.5, 11.5], "texture": "#0"},
				"east": {"uv": [5.5, 10, 7, 11.5], "texture": "#0"},
				"south": {"uv": [7, 10, 8.5, 11.5], "texture": "#0"},
				"west": {"uv": [10, 7, 11.5, 8.5], "texture": "#0"},
				"up": {"uv": [10, 11.5, 8.5, 10], "texture": "#0"},
				"down": {"uv": [11.5, 8.5, 10, 10], "texture": "#0"}
			}
		}
	],
	"display": {
		"thirdperson_righthand": {
			"rotation": [75, 90, -28],
			"translation": [0, 2.25, 1],
			"scale": [0.3, 0.3, 0.3]
		},
		"thirdperson_lefthand": {
			"rotation": [75, -90, 28],
			"translation": [0, 2.25, 1],
			"scale": [0.3, 0.3, 0.3]
		},
		"firstperson_righthand": {
			"rotation": [0, 86, 0],
			"translation": [0, 3.25, 0],
			"scale": [0.3, 0.3, 0.3]
		},
		"firstperson_lefthand": {
			"rotation": [0, -86, 0],
			"translation": [0, 3.25, 0],
			"scale": [0.3, 0.3, 0.3]
		},
		"ground": {
			"translation": [0, 1.5, 0],
			"scale": [0.5, 0.5, 0.5]
		},
		"gui": {
			"scale": [0.7, 0.7, 0.7]
		},
		"head": {
			"rotation": [0, 90, 0],
			"translation": [0, 10, 0]
		},
		"fixed": {
			"rotation": [0, 180, 0]
		}
	}
}